<?xml version="1.0" encoding="utf-8"?>
 
<feed xmlns="http://www.w3.org/2005/Atom">
 
	<title>Example Feed</title>
	<subtitle>A subtitle.</subtitle>
	<link href="http://example.org/feed/" rel="self" />
	<link href="http://example.org/" />
	<id>urn:uuid:60a76c80-d399-11d9-b91C-0003939e0af6</id>
	<updated>2016-09-29T18:30:02Z</updated>
	<author>
		<name>Yuze Ma</name>
		<email>may7@rpi.edu</email>
	</author>
 
	<entry>
		<title>Bob's personal blog</title>
		<link href="bobmayuze.github.io" />
		<updated>2016-09-29T18:30:02Z</updated>
		<summary>This webpage is made for Bob to say whatever he wants.</summary>
	</entry>

	<entry>
		<title>W3SCHOOL</title>
		<link href="http://www.w3schools.com/" />
		<updated>2016-09-29T18:30:02Z</updated>
		<summary>This is a webiste for webpage related technologies studying center.</summary>
	</entry>

	<entry>
		<title>Documentation for CS1 @ RPI</title>
		<link href="http://cs.rpi.edu/academics/courses/fall16/cs1/" />
		<updated>2016-09-29T18:30:02Z</updated>
		<summary>This webpage is made for CSCI-1000 course at Rensselaer Polytechnic Institute.</summary>
	</entry>

	<entry>
		<title>Course syllabus for Data Structure</title>
		<link href="http://www.cs.rpi.edu/academics/courses/fall16/csci1200/syllabus.php" />
		<updated>2016-09-29T18:30:02Z</updated>
		<summary>This webpage is made for for CSCI-1200 course at Rensselaer Polytechnic Institute.</summary>
	</entry>

	<entry>
		<title>NICHE</title>
		<link href="https://niche.com/" />
		<updated>2016-09-29T18:30:02Z</updated>
		<summary>This webpage is made for studnets and their parenets to have a better understanding of a school</summary>
	</entry>
 
</feed>



